<?xml version="1.0" encoding="UTF-8" standalone="yes"?>
<addon id="repository.b3nNi" name="[COLOR lightgray]b3nNi[/COLOR] [COLOR orange]Repo[/COLOR]" version="1.0.4" provider-name="b3nNi">
	<extension point="xbmc.addon.repository" name="b3nNi">
		<info compressed="true">https://b3nni.com/kodi/repo/addons.xml</info>
		<checksum>https://b3nni.com/kodi/repo/addons.xml.md5</checksum>
		<datadir zip="true">https://b3nni.com/kodi/repo/</datadir>
	</extension>
	<extension point="xbmc.addon.metadata">
		<summary lang="en">Repository of b3nNi</summary>
		<summary lang="de">Repository von b3nNi</summary>
		<description lang="en">This is the official Repository of b3nNi</description>
		<description lang="de">Das ist die offizielle Repository von b3nNi</description>
		<disclaimer></disclaimer>
		<platform>all</platform>
	</extension>
</addon>